uf,cargo,url_g1,resumo,candidaturas
BR,Presidente,https://g1.globo.com/politica/eleicoes/2026/noticia/2026/08/28/eleicoes-2026-veja-todos-os-candidatos-a-presidencia-da-republica.ghtml,São 13 candidatos registrados na disputa pelo cargo; 1º turno ocorre no dia 4 de outubro.,13
AC,Governador,https://g1.globo.com/ac/acre/eleicoes/2026/noticia/2026/08/31/eleicoes-2026-veja-todos-os-candidatos-ao-governo-do-acre.ghtml,São 6 candidatos registrados na disputa pelo cargo; 1º turno ocorre no dia 4 de outubro.,6
AL,Governador,https://g1.globo.com/al/alagoas/eleicoes/2026/noticia/2026/08/31/eleicoes-2026-veja-todos-os-candidatos-ao-governo-de-alagoas.ghtml,São 4 candidatos registrados na disputa pelo cargo; 1º turno ocorre no dia 4 de outubro.,4
AM,Governador,https://g1.globo.com/am/amazonas/eleicoes/2026/noticia/2026/08/31/eleicoes-2026-veja-todos-os-candidatos-ao-governo-do-amazonas.ghtml,São 7 candidatos registrados na disputa pelo cargo; 1º turno ocorre no dia 4 de outubro.,7
AP,Governador,https://g1.globo.com/ap/amapa/eleicoes/2026/noticia/2026/08/31/eleicoes-2026-veja-todos-os-candidatos-ao-governo-do-amapa.ghtml,São 5 candidatos registrados na disputa pelo cargo; 1º turno ocorre no dia 4 de outubro.,5
BA,Governador,https://g1.globo.com/ba/bahia/eleicoes/2026/noticia/2026/09/02/eleicoes-2026-veja-todos-os-candidatos-ao-governo-da-bahia.ghtml,São 7 candidatos registrados na disputa pelo cargo; 1º turno ocorre no dia 4 de outubro.,7
CE,Governador,https://g1.globo.com/ce/ceara/eleicoes/2026/noticia/2026/08/31/eleicoes-2026-veja-todos-os-candidatos-ao-governo-do-ceara.ghtml,São 8 candidatos registrados na disputa pelo cargo; 1º turno ocorre no dia 4 de outubro.,8
DF,Governador,https://g1.globo.com/df/distrito-federal/eleicoes/2026/noticia/2026/08/28/eleicoes-2026-veja-todos-os-candidatos-ao-governo-do-distrito-federal.ghtml,São 11 candidatos registrados na disputa pelo cargo; 1º turno ocorre no dia 4 de outubro.,11
ES,Governador,https://g1.globo.com/es/espirito-santo/eleicoes/2026/noticia/2026/08/31/eleicoes-2026-veja-todos-os-candidatos-ao-governo-do-espirito-santo.ghtml,São 5 candidatos registrados na disputa pelo cargo; 1º turno ocorre no dia 4 de outubro.,5
GO,Governador,https://g1.globo.com/go/goias/eleicoes/2026/noticia/2026/08/31/eleicoes-2026-veja-todos-os-candidatos-ao-governo-de-goias.ghtml,São 6 candidatos registrados na disputa pelo cargo; 1º turno ocorre no dia 4 de outubro.,6
MA,Governador,https://g1.globo.com/ma/maranhao/eleicoes/2026/noticia/2026/08/31/eleicoes-2026-veja-todos-os-candidatos-ao-governo-do-maranhao.ghtml,São 8 candidatos registrados na disputa pelo cargo; 1º turno ocorre no dia 4 de outubro.,8
MG,Governador,https://g1.globo.com/mg/minas-gerais/eleicoes/2026/noticia/2026/08/28/eleicoes-2026-veja-todos-os-candidatos-ao-governo-de-minas-gerais.ghtml,São 11 candidatos registrados na disputa pelo cargo; 1º turno ocorre no dia 4 de outubro.,11
MS,Governador,https://g1.globo.com/ms/mato-grosso-do-sul/eleicoes/2026/noticia/2026/08/31/eleicoes-2026-veja-todos-os-candidatos-ao-governo-de-mato-grosso-do-sul.ghtml,São 8 candidatos registrados na disputa pelo cargo; 1º turno ocorre no dia 4 de outubro.,8
MT,Governador,https://g1.globo.com/mt/mato-grosso/eleicoes/2026/noticia/2026/09/02/eleicoes-2026-veja-todos-os-candidatos-ao-governo-de-mato-grosso.ghtml,São 7 candidatos registrados na disputa pelo cargo; 1º turno ocorre no dia 4 de outubro.,7
PA,Governador,https://g1.globo.com/pa/para/eleicoes/2026/noticia/2026/08/31/eleicoes-2026-veja-todos-os-candidatos-ao-governo-do-para.ghtml,São 6 candidatos registrados na disputa pelo cargo; 1º turno ocorre no dia 4 de outubro.,6
PB,Governador,https://g1.globo.com/pb/paraiba/eleicoes/2026/noticia/2026/08/31/eleicoes-2026-veja-todos-os-candidatos-ao-governo-da-paraiba.ghtml,São 6 candidatos registrados na disputa pelo cargo; 1º turno ocorre no dia 4 de outubro.,6
PE,Governador,https://g1.globo.com/pe/pernambuco/eleicoes/2026/noticia/2026/08/28/eleicoes-2026-veja-todos-os-candidatos-ao-governo-de-pernambuco.ghtml,São 8 candidatos registrados na disputa pelo cargo; 1º turno ocorre no dia 4 de outubro.,8
PI,Governador,https://g1.globo.com/pi/piaui/eleicoes/2026/noticia/2026/08/31/eleicoes-2026-veja-todos-os-candidatos-ao-governo-do-piaui.ghtml,São 11 candidatos registrados na disputa pelo cargo; 1º turno ocorre no dia 4 de outubro.,11
PR,Governador,https://g1.globo.com/pr/parana/eleicoes/2026/noticia/2026/08/31/eleicoes-2026-veja-todos-os-candidatos-ao-governo-do-parana.ghtml,São 8 candidatos registrados na disputa pelo cargo; 1º turno ocorre no dia 4 de outubro.,8
RJ,Governador,https://g1.globo.com/rj/rio-de-janeiro/eleicoes/2026/noticia/2026/08/28/eleicoes-2026-veja-todos-os-candidatos-ao-governo-do-rio-de-janeiro.ghtml,São 9 candidatos registrados na disputa pelo cargo; 1º turno ocorre no dia 4 de outubro.,9
RN,Governador,https://g1.globo.com/rn/rio-grande-do-norte/eleicoes/2026/noticia/2026/08/31/eleicoes-2026-veja-todos-os-candidatos-ao-governo-do-rio-grande-do-norte.ghtml,São 9 candidatos registrados na disputa pelo cargo; 1º turno ocorre no dia 4 de outubro.,9
RO,Governador,https://g1.globo.com/ro/rondonia/eleicoes/2026/noticia/2026/08/31/eleicoes-2026-veja-todos-os-candidatos-ao-governo-de-rondonia.ghtml,São 6 candidatos registrados na disputa pelo cargo; 1º turno ocorre no dia 4 de outubro.,6
RR,Governador,https://g1.globo.com/rr/roraima/eleicoes/2026/noticia/2026/08/31/eleicoes-2026-veja-todos-os-candidatos-ao-governo-de-roraima.ghtml,São 5 candidatos registrados na disputa pelo cargo; 1º turno ocorre no dia 4 de outubro.,5
RS,Governador,https://g1.globo.com/rs/rio-grande-do-sul/eleicoes/2026/noticia/2026/08/31/eleicoes-2026-veja-todos-os-candidatos-ao-governo-do-rio-grande-do-sul.ghtml,São 7 candidatos registrados na disputa pelo cargo; 1º turno ocorre no dia 4 de outubro.,7
SC,Governador,https://g1.globo.com/sc/santa-catarina/eleicoes/2026/noticia/2026/08/31/eleicoes-2026-veja-todos-os-candidatos-ao-governo-de-santa-catarina.ghtml,São 8 candidatos registrados na disputa pelo cargo; 1º turno ocorre no dia 4 de outubro.,8
SE,Governador,https://g1.globo.com/se/sergipe/eleicoes/2026/noticia/2026/08/31/eleicoes-2026-veja-todos-os-candidatos-ao-governo-de-sergipe.ghtml,São 6 candidatos registrados na disputa pelo cargo; 1º turno ocorre no dia 4 de outubro.,6
SP,Governador,https://g1.globo.com/sp/sao-paulo/eleicoes/2026/noticia/2026/08/28/eleicoes-2026-veja-todos-os-candidatos-ao-governo-de-sao-paulo.ghtml,São 7 candidatos registrados na disputa pelo cargo; 1º turno ocorre no dia 4 de outubro.,7
TO,Governador,https://g1.globo.com/to/tocantins/eleicoes/2026/noticia/2026/08/31/eleicoes-2026-veja-todos-os-candidatos-ao-governo-do-tocantins.ghtml,São 7 candidatos registrados na disputa pelo cargo; 1º turno ocorre no dia 4 de outubro.,7
AC,Senador,https://g1.globo.com/ac/acre/eleicoes/2026/noticia/2026/08/31/eleicoes-2026-veja-todos-os-candidatos-ao-senado-pelo-acre.ghtml,AC tem 8 candidatos na disputa por duas vagas; primeiro turno será em 4 de outubro.,8
AL,Senador,https://g1.globo.com/al/alagoas/eleicoes/2026/noticia/2026/08/31/eleicoes-2026-veja-todos-os-candidatos-ao-senado-por-alagoas.ghtml,AL tem 7 candidatos na disputa por duas vagas; primeiro turno será em 4 de outubro.,7
AM,Senador,https://g1.globo.com/am/amazonas/eleicoes/2026/noticia/2026/08/31/eleicoes-2026-veja-todos-os-candidatos-ao-senado-pelo-amazonas.ghtml,AM tem 9 candidatos na disputa por duas vagas; primeiro turno será em 4 de outubro.,9
AP,Senador,https://g1.globo.com/ap/amapa/eleicoes/2026/noticia/2026/08/31/eleicoes-2026-veja-todos-os-candidatos-ao-senado-pelo-amapa.ghtml,AP tem 9 candidatos na disputa por duas vagas; primeiro turno será em 4 de outubro.,9
BA,Senador,https://g1.globo.com/politica/eleicoes/2026/noticia/2026/09/01/eleicoes-2026-veja-os-candidatos-ao-senado-de-todos-os-estados-e-do-df.ghtml#bahia,Bahia tem 8 candidatos na disputa por duas vagas no Senado Federal; votação será em 4 de outubro.,8
CE,Senador,https://g1.globo.com/ce/ceara/eleicoes/2026/noticia/2026/08/31/eleicoes-2026-veja-todos-os-candidatos-ao-senado-pelo-ceara.ghtml,CE tem 8 candidatos na disputa por duas vagas; primeiro turno será em 4 de outubro.,8
DF,Senador,https://g1.globo.com/df/distrito-federal/eleicoes/2026/noticia/2026/08/31/eleicoes-2026-veja-todos-os-candidatos-ao-senado-pelo-distrito-federal.ghtml,DF tem 13 candidatos na disputa por duas vagas; primeiro turno será em 4 de outubro.,13
ES,Senador,https://g1.globo.com/es/espirito-santo/eleicoes/2026/noticia/2026/08/31/eleicoes-2026-veja-todos-os-candidatos-ao-senado-pelo-espirito-santo.ghtml,ES tem 11 candidatos na disputa por duas vagas; primeiro turno será em 4 de outubro.,11
GO,Senador,https://g1.globo.com/go/goias/eleicoes/2026/noticia/2026/08/31/eleicoes-2026-veja-todos-os-candidatos-ao-senado-por-goias.ghtml,GO tem 11 candidatos na disputa por duas vagas; primeiro turno será em 4 de outubro.,11
MA,Senador,https://g1.globo.com/ma/maranhao/eleicoes/2026/noticia/2026/08/31/eleicoes-2026-veja-todos-os-candidatos-ao-senado-pelo-maranhao.ghtml,MA tem 11 candidatos na disputa por duas vagas; primeiro turno será em 4 de outubro.,11
MG,Senador,https://g1.globo.com/mg/minas-gerais/eleicoes/2026/noticia/2026/08/31/eleicoes-2026-veja-todos-os-candidatos-ao-senado-por-minas-gerais.ghtml,MG tem 16 candidatos na disputa por duas vagas; primeiro turno será em 4 de outubro.,16
MS,Senador,https://g1.globo.com/ms/mato-grosso-do-sul/eleicoes/2026/noticia/2026/08/31/eleicoes-2026-veja-todos-os-candidatos-ao-senado-por-mato-grosso-do-sul.ghtml,MS tem 10 candidatos na disputa por duas vagas; primeiro turno será em 4 de outubro.,10
MT,Senador,https://g1.globo.com/mt/mato-grosso/eleicoes/2026/noticia/2026/08/31/eleicoes-2026-veja-todos-os-candidatos-ao-senado-por-mato-grosso.ghtml,MT tem 10 candidatos na disputa por duas vagas; primeiro turno será em 4 de outubro.,10
PA,Senador,https://g1.globo.com/pa/para/eleicoes/2026/noticia/2026/08/31/eleicoes-2026-veja-todos-os-candidatos-ao-senado-pelo-para.ghtml,PA tem 12 candidatos na disputa por duas vagas; primeiro turno será em 4 de outubro.,12
PB,Senador,https://g1.globo.com/politica/eleicoes/2026/noticia/2026/09/01/eleicoes-2026-veja-os-candidatos-ao-senado-de-todos-os-estados-e-do-df.ghtml#paraiba,Paraíba tem 8 candidatos na disputa por duas vagas no Senado Federal; votação será em 4 de outubro.,8
PE,Senador,https://g1.globo.com/pe/pernambuco/eleicoes/2026/noticia/2026/08/31/eleicoes-2026-veja-todos-os-candidatos-ao-senado-por-pernambuco.ghtml,PE tem 12 candidatos na disputa por duas vagas; primeiro turno será em 4 de outubro.,12
PI,Senador,https://g1.globo.com/pi/piaui/eleicoes/2026/noticia/2026/08/31/eleicoes-2026-veja-todos-os-candidatos-ao-senado-pelo-piaui.ghtml,PI tem 20 candidatos na disputa por duas vagas; primeiro turno será em 4 de outubro.,20
PR,Senador,https://g1.globo.com/pr/parana/eleicoes/2026/noticia/2026/08/31/eleicoes-2026-veja-todos-os-candidatos-ao-senado-pelo-parana.ghtml,PR tem 9 candidatos na disputa por duas vagas; primeiro turno será em 4 de outubro.,9
RJ,Senador,https://g1.globo.com/rj/rio-de-janeiro/eleicoes/2026/noticia/2026/08/31/eleicoes-2026-veja-todos-os-candidatos-ao-senado-pelo-rio-de-janeiro.ghtml,RJ tem 16 candidatos na disputa por duas vagas; primeiro turno será em 4 de outubro.,16
RN,Senador,https://g1.globo.com/rn/rio-grande-do-norte/eleicoes/2026/noticia/2026/08/31/eleicoes-2026-veja-todos-os-candidatos-ao-senado-pelo-rio-grande-do-norte.ghtml,RN tem 14 candidatos na disputa por duas vagas; primeiro turno será em 4 de outubro.,14
RO,Senador,https://g1.globo.com/ro/rondonia/eleicoes/2026/noticia/2026/08/31/eleicoes-2026-veja-todos-os-candidatos-ao-senado-por-rondonia.ghtml,RO tem 10 candidatos na disputa por duas vagas; primeiro turno será em 4 de outubro.,10
RR,Senador,https://g1.globo.com/rr/roraima/eleicoes/2026/noticia/2026/08/31/eleicoes-2026-veja-todos-os-candidatos-ao-senado-por-roraima.ghtml,RR tem 13 candidatos na disputa por duas vagas; primeiro turno será em 4 de outubro.,13
RS,Senador,https://g1.globo.com/rs/rio-grande-do-sul/eleicoes/2026/noticia/2026/08/31/eleicoes-2026-veja-todos-os-candidatos-ao-senado-pelo-rio-grande-do-sul.ghtml,RS tem 13 candidatos na disputa por duas vagas; primeiro turno será em 4 de outubro.,13
SC,Senador,https://g1.globo.com/sc/santa-catarina/eleicoes/2026/noticia/2026/08/31/eleicoes-2026-veja-todos-os-candidatos-ao-senado-por-santa-catarina.ghtml,SC tem 13 candidatos na disputa por duas vagas; primeiro turno será em 4 de outubro.,13
SE,Senador,https://g1.globo.com/se/sergipe/eleicoes/2026/noticia/2026/08/31/eleicoes-2026-veja-todos-os-candidatos-ao-senado-por-sergipe.ghtml,SE tem 11 candidatos na disputa por duas vagas; primeiro turno será em 4 de outubro.,11
SP,Senador,https://g1.globo.com/sp/sao-paulo/eleicoes/2026/noticia/2026/08/31/eleicoes-2026-veja-todos-os-candidatos-ao-senado-por-sao-paulo.ghtml,SP tem 16 candidatos na disputa por duas vagas; primeiro turno será em 4 de outubro.,16
TO,Senador,https://g1.globo.com/to/tocantins/eleicoes/2026/noticia/2026/08/31/eleicoes-2026-veja-todos-os-candidatos-ao-senado-pelo-tocantins.ghtml,TO tem 13 candidatos na disputa por duas vagas; primeiro turno será em 4 de outubro.,13
AC,Deputado Federal,https://g1.globo.com/ac/acre/eleicoes/2026/noticia/2026/08/31/eleicoes-2026-veja-todos-os-candidatos-a-deputado-federal-no-acre.ghtml,AC tem 94 candidatos na disputa por 8 vagas; votação será em 4 de outubro.,94
AL,Deputado Federal,https://g1.globo.com/al/alagoas/eleicoes/2026/noticia/2026/08/31/eleicoes-2026-veja-todos-os-candidatos-a-deputado-federal-em-alagoas.ghtml,AL tem 109 candidatos na disputa por 9 vagas; votação será em 4 de outubro.,109
AM,Deputado Federal,https://g1.globo.com/am/amazonas/eleicoes/2026/noticia/2026/08/31/eleicoes-2026-veja-todos-os-candidatos-a-deputado-federal-no-amazonas.ghtml,AM tem 138 candidatos na disputa por 8 vagas; votação será em 4 de outubro.,138
AP,Deputado Federal,https://g1.globo.com/ap/amapa/eleicoes/2026/noticia/2026/08/31/eleicoes-2026-veja-todos-os-candidatos-a-deputado-federal-no-amapa.ghtml,AP tem 88 candidatos na disputa por 8 vagas; votação será em 4 de outubro.,88
BA,Deputado Federal,https://g1.globo.com/ba/bahia/eleicoes/2026/noticia/2026/08/31/eleicoes-2026-veja-todos-os-candidatos-a-deputado-federal-na-bahia-de-a-a-l.ghtml,BA tem 526 candidatos na disputa por 39 vagas; votação será em 4 de outubro.,526
CE,Deputado Federal,https://g1.globo.com/ce/ceara/eleicoes/2026/noticia/2026/09/01/eleicoes-2026-veja-todos-os-candidatos-a-deputado-federal-no-ceara.ghtml,CE tem 279 candidatos na disputa por 22 vagas; votação será em 4 de outubro.,279
DF,Deputado Federal,https://g1.globo.com/df/distrito-federal/eleicoes/2026/noticia/2026/09/01/eleicoes-2026-veja-todos-os-candidatos-a-deputado-federal-no-distrito-federal.ghtml,DF tem 164 candidatos na disputa por 8 vagas; votação será em 4 de outubro.,164
ES,Deputado Federal,https://g1.globo.com/es/espirito-santo/eleicoes/2026/noticia/2026/09/01/eleicoes-2026-veja-todos-os-candidatos-a-deputado-federal-no-espirito-santo.ghtml,ES tem 134 candidatos na disputa por 10 vagas; votação será em 4 de outubro.,134
GO,Deputado Federal,https://g1.globo.com/go/goias/eleicoes/2026/noticia/2026/09/01/eleicoes-2026-veja-todos-os-candidatos-a-deputado-federal-em-goias.ghtml,GO tem 255 candidatos na disputa por 17 vagas; votação será em 4 de outubro.,255
MA,Deputado Federal,https://g1.globo.com/ma/maranhao/eleicoes/2026/noticia/2026/09/01/eleicoes-2026-veja-todos-os-candidatos-a-deputado-federal-no-maranhao.ghtml,MA tem 268 candidatos na disputa por 18 vagas; votação será em 4 de outubro.,268
MG,Deputado Federal,https://g1.globo.com/mg/minas-gerais/eleicoes/2026/noticia/2026/09/01/eleicoes-2026-veja-todos-os-candidatos-a-deputado-federal-em-minas-gerais-de-a-a-j.ghtml,MG tem 734 candidatos na disputa por 53 vagas; votação será em 4 de outubro.,734
MS,Deputado Federal,https://g1.globo.com/ms/mato-grosso-do-sul/eleicoes/2026/noticia/2026/09/01/eleicoes-2026-veja-todos-os-candidatos-a-deputado-federal-em-mato-grosso-do-sul.ghtml,MS tem 121 candidatos na disputa por 8 vagas; votação será em 4 de outubro.,121
MT,Deputado Federal,https://g1.globo.com/mt/mato-grosso/eleicoes/2026/noticia/2026/09/01/eleicoes-2026-veja-todos-os-candidatos-a-deputado-federal-em-mato-grosso.ghtml,MT tem 133 candidatos na disputa por 8 vagas; votação será em 4 de outubro.,133
PA,Deputado Federal,https://g1.globo.com/pa/para/eleicoes/2026/noticia/2026/09/01/eleicoes-2026-veja-todos-os-candidatos-a-deputado-federal-no-para.ghtml,PA tem 257 candidatos na disputa por 17 vagas; votação será em 4 de outubro.,257
PB,Deputado Federal,https://g1.globo.com/pb/paraiba/eleicoes/2026/noticia/2026/09/01/eleicoes-2026-veja-todos-os-candidatos-a-deputado-federal-na-paraiba.ghtml,PB tem 182 candidatos na disputa por 12 vagas; votação será em 4 de outubro.,182
PE,Deputado Federal,https://g1.globo.com/pe/pernambuco/eleicoes/2026/noticia/2026/09/01/eleicoes-2026-veja-todos-os-candidatos-a-deputado-federal-em-pernambuco.ghtml,PE tem 374 candidatos na disputa por 25 vagas; votação será em 4 de outubro.,374
PI,Deputado Federal,https://g1.globo.com/pi/piaui/eleicoes/2026/noticia/2026/09/01/eleicoes-2026-veja-todos-os-candidatos-a-deputado-federal-no-piaui.ghtml,PI tem 162 candidatos na disputa por 10 vagas; votação será em 4 de outubro.,162
PR,Deputado Federal,https://g1.globo.com/pr/parana/eleicoes/2026/noticia/2026/09/01/eleicoes-2026-veja-todos-os-candidatos-a-deputado-federal-no-parana.ghtml,PR tem 413 candidatos na disputa por 30 vagas; votação será em 4 de outubro.,413
RJ,Deputado Federal,https://g1.globo.com/rj/rio-de-janeiro/eleicoes/2026/noticia/2026/09/01/eleicoes-2026-veja-todos-os-candidatos-a-deputado-federal-no-rio-de-janeiro-de-a-a-j.ghtml,RJ tem 782 candidatos na disputa por 46 vagas; votação será em 4 de outubro.,782
RN,Deputado Federal,https://g1.globo.com/rn/rio-grande-do-norte/eleicoes/2026/noticia/2026/09/01/eleicoes-2026-veja-todos-os-candidatos-a-deputado-federal-no-rio-grande-do-norte.ghtml,RN tem 109 candidatos na disputa por 8 vagas; votação será em 4 de outubro.,109
RO,Deputado Federal,https://g1.globo.com/ro/rondonia/eleicoes/2026/noticia/2026/09/01/eleicoes-2026-veja-todos-os-candidatos-a-deputado-federal-em-rondonia.ghtml,RO tem 128 candidatos na disputa por 8 vagas; votação será em 4 de outubro.,128
RR,Deputado Federal,https://g1.globo.com/rr/roraima/eleicoes/2026/noticia/2026/09/01/eleicoes-2026-veja-todos-os-candidatos-a-deputado-federal-em-roraima.ghtml,RR tem 104 candidatos na disputa por 8 vagas; votação será em 4 de outubro.,104
RS,Deputado Federal,https://g1.globo.com/rs/rio-grande-do-sul/eleicoes/2026/noticia/2026/09/01/eleicoes-2026-veja-todos-os-candidatos-a-deputado-federal-no-rio-grande-do-sul.ghtml,RS tem 454 candidatos na disputa por 31 vagas; votação será em 4 de outubro.,454
SC,Deputado Federal,https://g1.globo.com/sc/santa-catarina/eleicoes/2026/noticia/2026/09/01/eleicoes-2026-veja-todos-os-candidatos-a-deputado-federal-em-santa-catarina.ghtml,SC tem 230 candidatos na disputa por 16 vagas; votação será em 4 de outubro.,230
SE,Deputado Federal,https://g1.globo.com/se/sergipe/eleicoes/2026/noticia/2026/09/01/eleicoes-2026-veja-todos-os-candidatos-a-deputado-federal-em-sergipe.ghtml,SE tem 138 candidatos na disputa por 8 vagas; votação será em 4 de outubro.,138
SP,Deputado Federal,https://g1.globo.com/sp/sao-paulo/eleicoes/2026/noticia/2026/09/01/eleicoes-2026-veja-todos-os-candidatos-a-deputado-federal-em-sao-paulo-de-a-a-e.ghtml,SP tem 1113 candidatos na disputa por 70 vagas; votação será em 4 de outubro.,1113
TO,Deputado Federal,https://g1.globo.com/to/tocantins/eleicoes/2026/noticia/2026/09/01/eleicoes-2026-veja-todos-os-candidatos-a-deputado-federal-no-tocantins.ghtml,TO tem 91 candidatos na disputa por 8 vagas; votação será em 4 de outubro.,91
AC,Deputado Estadual,https://g1.globo.com/ac/acre/eleicoes/2026/noticia/2026/09/01/eleicoes-2026-veja-todos-os-candidatos-a-deputado-estadual-no-acre.ghtml,AC tem 238 candidatos na disputa por 24 vagas; votação será em 4 de outubro.,238
AL,Deputado Estadual,https://g1.globo.com/al/alagoas/eleicoes/2026/noticia/2026/09/01/eleicoes-2026-veja-todos-os-candidatos-a-deputado-estadual-em-alagoas.ghtml,AL tem 138 candidatos na disputa por 27 vagas; votação será em 4 de outubro.,138
AM,Deputado Estadual,https://g1.globo.com/am/amazonas/eleicoes/2026/noticia/2026/09/01/eleicoes-2026-veja-todos-os-candidatos-a-deputado-estadual-no-amazonas.ghtml,AM tem 282 candidatos na disputa por 24 vagas; votação será em 4 de outubro.,282
AP,Deputado Estadual,https://g1.globo.com/ap/amapa/eleicoes/2026/noticia/2026/09/01/eleicoes-2026-veja-todos-os-candidatos-a-deputado-estadual-no-amapa.ghtml,AP tem 189 candidatos na disputa por 24 vagas; votação será em 4 de outubro.,189
BA,Deputado Estadual,https://g1.globo.com/ba/bahia/eleicoes/2026/noticia/2026/09/01/eleicoes-2026-veja-todos-os-candidatos-a-deputado-estadual-na-bahia-de-a-a-j.ghtml,BA tem 635 candidatos na disputa por 63 vagas; votação será em 4 de outubro.,635
CE,Deputado Estadual,https://g1.globo.com/ce/ceara/eleicoes/2026/noticia/2026/09/01/eleicoes-2026-veja-todos-os-candidatos-a-deputado-estadual-no-ceara.ghtml,CE tem 358 candidatos na disputa por 46 vagas; votação será em 4 de outubro.,358
DF,Deputado Distrital,https://g1.globo.com/df/distrito-federal/eleicoes/2026/noticia/2026/09/01/eleicoes-2026-veja-todos-os-candidatos-a-deputado-distrital-no-distrito-federal.ghtml,DF tem 423 candidatos na disputa por 24 vagas; votação será em 4 de outubro.,423
ES,Deputado Estadual,https://g1.globo.com/es/espirito-santo/eleicoes/2026/noticia/2026/09/01/eleicoes-2026-veja-todos-os-candidatos-a-deputado-estadual-no-espirito-santo.ghtml,ES tem 405 candidatos na disputa por 30 vagas; votação será em 4 de outubro.,405
GO,Deputado Estadual,https://g1.globo.com/go/goias/eleicoes/2026/noticia/2026/09/01/eleicoes-2026-veja-todos-os-candidatos-a-deputado-estadual-em-goias-de-a-a-l.ghtml,GO tem 579 candidatos na disputa por 41 vagas; votação será em 4 de outubro.,579
MA,Deputado Estadual,https://g1.globo.com/ma/maranhao/eleicoes/2026/noticia/2026/09/01/eleicoes-2026-veja-todos-os-candidatos-a-deputado-estadual-no-maranhao.ghtml,MA tem 278 candidatos na disputa por 42 vagas; votação será em 4 de outubro.,278
MG,Deputado Estadual,https://g1.globo.com/mg/minas-gerais/eleicoes/2026/noticia/2026/09/01/eleicoes-2026-veja-todos-os-candidatos-a-deputado-estadual-em-minas-gerais-de-a-a-j.ghtml,MG tem 986 candidatos na disputa por 77 vagas; votação será em 4 de outubro.,986
MS,Deputado Estadual,https://g1.globo.com/ms/mato-grosso-do-sul/eleicoes/2026/noticia/2026/09/01/eleicoes-2026-veja-todos-os-candidatos-a-deputado-estadual-em-mato-grosso-do-sul.ghtml,MS tem 243 candidatos na disputa por 24 vagas; votação será em 4 de outubro.,243
MT,Deputado Estadual,https://g1.globo.com/mt/mato-grosso/eleicoes/2026/noticia/2026/09/01/eleicoes-2026-veja-todos-os-candidatos-a-deputado-estadual-em-mato-grosso.ghtml,MT tem 259 candidatos na disputa por 24 vagas; votação será em 4 de outubro.,259
PA,Deputado Estadual,https://g1.globo.com/pa/para/eleicoes/2026/noticia/2026/09/01/eleicoes-2026-veja-todos-os-candidatos-a-deputado-estadual-no-para.ghtml,PA tem 409 candidatos na disputa por 41 vagas; votação será em 4 de outubro.,409
PB,Deputado Estadual,https://g1.globo.com/pb/paraiba/eleicoes/2026/noticia/2026/09/01/eleicoes-2026-veja-todos-os-candidatos-a-deputado-estadual-na-paraiba.ghtml,PB tem 205 candidatos na disputa por 36 vagas; votação será em 4 de outubro.,205
PE,Deputado Estadual,https://g1.globo.com/pe/pernambuco/eleicoes/2026/noticia/2026/09/01/eleicoes-2026-veja-todos-os-candidatos-a-deputado-estadual-em-pernambuco-de-a-a-j.ghtml,PE tem 505 candidatos na disputa por 49 vagas; votação será em 4 de outubro.,505
PI,Deputado Estadual,https://g1.globo.com/pi/piaui/eleicoes/2026/noticia/2026/09/01/eleicoes-2026-veja-todos-os-candidatos-a-deputado-estadual-no-piaui.ghtml,PI tem 149 candidatos na disputa por 30 vagas; votação será em 4 de outubro.,149
PR,Deputado Estadual,https://g1.globo.com/pr/parana/eleicoes/2026/noticia/2026/09/01/eleicoes-2026-veja-todos-os-candidatos-a-deputado-estadual-no-parana-de-a-a-j.ghtml,PR tem 605 candidatos na disputa por 54 vagas; votação será em 4 de outubro.,605
RJ,Deputado Estadual,https://g1.globo.com/rj/rio-de-janeiro/eleicoes/2026/noticia/2026/09/01/eleicoes-2026-veja-todos-os-candidatos-a-deputado-estadual-no-rio-de-janeiro-de-a-a-e.ghtml,RJ tem 1171 candidatos na disputa por 70 vagas; votação será em 4 de outubro.,1171
RN,Deputado Estadual,https://g1.globo.com/rn/rio-grande-do-norte/eleicoes/2026/noticia/2026/09/01/eleicoes-2026-veja-todos-os-candidatos-a-deputado-estadual-no-rio-grande-do-norte.ghtml,RN tem 151 candidatos na disputa por 24 vagas; votação será em 4 de outubro.,151
RO,Deputado Estadual,https://g1.globo.com/ro/rondonia/eleicoes/2026/noticia/2026/09/01/eleicoes-2026-veja-todos-os-candidatos-a-deputado-estadual-em-rondonia.ghtml,RO tem 253 candidatos na disputa por 24 vagas; votação será em 4 de outubro.,253
RR,Deputado Estadual,https://g1.globo.com/rr/roraima/eleicoes/2026/noticia/2026/09/01/eleicoes-2026-veja-todos-os-candidatos-a-deputado-estadual-em-roraima.ghtml,RR tem 236 candidatos na disputa por 24 vagas; votação será em 4 de outubro.,236
RS,Deputado Estadual,https://g1.globo.com/rs/rio-grande-do-sul/eleicoes/2026/noticia/2026/09/01/eleicoes-2026-veja-todos-os-candidatos-a-deputado-estadual-no-rio-grande-do-sul-de-a-a-j.ghtml,RS tem 534 candidatos na disputa por 55 vagas; votação será em 4 de outubro.,534
SC,Deputado Estadual,https://g1.globo.com/sc/santa-catarina/eleicoes/2026/noticia/2026/09/01/eleicoes-2026-veja-todos-os-candidatos-a-deputado-estadual-em-santa-catarina.ghtml,SC tem 406 candidatos na disputa por 40 vagas; votação será em 4 de outubro.,406
SE,Deputado Estadual,https://g1.globo.com/se/sergipe/eleicoes/2026/noticia/2026/09/01/eleicoes-2026-veja-todos-os-candidatos-a-deputado-estadual-em-sergipe.ghtml,SE tem 217 candidatos na disputa por 24 vagas; votação será em 4 de outubro.,217
SP,Deputado Estadual,https://g1.globo.com/sp/sao-paulo/eleicoes/2026/noticia/2026/09/01/eleicoes-2026-veja-todos-os-candidatos-a-deputado-estadual-em-sao-paulo-de-a-a-e.ghtml,SP tem 1404 candidatos na disputa por 94 vagas; votação será em 4 de outubro.,1404
TO,Deputado Estadual,https://g1.globo.com/to/tocantins/eleicoes/2026/noticia/2026/09/01/eleicoes-2026-veja-todos-os-candidatos-a-deputado-estadual-no-tocantins.ghtml,TO tem 198 candidatos na disputa por 24 vagas; votação será em 4 de outubro.,198
